<data name="FriendPanel">
	<node quality='80'>e:\SVN\xdmhUIAssets\FriendPanel\fenshenicon.png</node>
	<node quality='80'>e:\SVN\xdmhUIAssets\FriendPanel\diban1.png</node>
	<node quality='80'>e:\SVN\xdmhUIAssets\FriendPanel\biaoqian4.png</node>
	<node quality='80'>e:\SVN\xdmhUIAssets\FriendPanel\biaoqian3.png</node>
	<node quality='80'>e:\SVN\xdmhUIAssets\FriendPanel\biaoqian2.png</node>
	<node quality='80'>e:\SVN\xdmhUIAssets\FriendPanel\biaoqian1.png</node>
	<node quality='80'>e:\SVN\xdmhUIAssets\FriendPanel\biaoqian4.png</node>
	<node quality='80'>e:\SVN\xdmhUIAssets\FriendPanel\biaoqian3.png</node>
	<node quality='80'>e:\SVN\xdmhUIAssets\FriendPanel\biaoqian2.png</node>
	<node quality='80'>e:\SVN\xdmhUIAssets\FriendPanel\biaoqian1.png</node>
	<node quality='80'>e:\SVN\xdmhUIAssets\FriendPanel\biaoqian4.png</node>
	<node quality='80'>e:\SVN\xdmhUIAssets\FriendPanel\biaoqian3.png</node>
	<node quality='80'>e:\SVN\xdmhUIAssets\FriendPanel\biaoqian2.png</node>
	<node quality='80'>e:\SVN\xdmhUIAssets\FriendPanel\biaoqian1.png</node>
	<node quality='80'>e:\SVN\xdmhUIAssets\FriendPanel\biaoqian4.png</node>
	<node quality='80'>e:\SVN\xdmhUIAssets\FriendPanel\biaoqian3.png</node>
	<node quality='80'>e:\SVN\xdmhUIAssets\FriendPanel\biaoqian2.png</node>
	<node quality='80'>e:\SVN\xdmhUIAssets\FriendPanel\biaoqian1.png</node>
	<node quality='80'>e:\SVN\xdmhUIAssets\FriendPanel\diban2.png</node>
	<node quality='80'>e:\SVN\xdmhUIAssets\FriendPanel\shurukuangdiban.png</node>
	<node quality='80'>e:\SVN\xdmhUIAssets\FriendPanel\xiayiye2.png</node>
	<node quality='80'>e:\SVN\xdmhUIAssets\FriendPanel\xiayiye1.png</node>
	<node quality='80'>e:\SVN\xdmhUIAssets\FriendPanel\shangyiye2.png</node>
	<node quality='80'>e:\SVN\xdmhUIAssets\FriendPanel\shangyiye1.png</node>
	<node quality='80'>e:\SVN\xdmhUIAssets\FriendPanel\weiye2.png</node>
	<node quality='80'>e:\SVN\xdmhUIAssets\FriendPanel\weiye1.png</node>
	<node quality='80'>e:\SVN\xdmhUIAssets\FriendPanel\shouye2.png</node>
	<node quality='80'>e:\SVN\xdmhUIAssets\FriendPanel\shouye1.png</node>
	<node quality='80'>e:\SVN\xdmhUIAssets\FriendPanel\diban3.png</node>
	<node quality='80'>e:\SVN\xdmhUIAssets\FriendPanel\xin.png</node>
	<node quality='80'>e:\SVN\xdmhUIAssets\FriendPanel\nv.png</node>
	<node quality='80'>e:\SVN\xdmhUIAssets\FriendPanel\nan.png</node>
	<node quality='80'>e:\SVN\xdmhUIAssets\FriendPanel\fenggexian1.png</node>
	<node quality='80'>e:\SVN\xdmhUIAssets\FriendPanel\liebiaodiban.png</node>
	<node quality='80'>e:\SVN\xdmhUIAssets\FriendPanel\xin.png</node>
	<node quality='80'>e:\SVN\xdmhUIAssets\FriendPanel\nv.png</node>
	<node quality='80'>e:\SVN\xdmhUIAssets\FriendPanel\nan.png</node>
	<node quality='80'>e:\SVN\xdmhUIAssets\FriendPanel\fenggexian1.png</node>
	<node quality='80'>e:\SVN\xdmhUIAssets\FriendPanel\liebiaodiban.png</node>
	<node quality='80'>e:\SVN\xdmhUIAssets\FriendPanel\xin.png</node>
	<node quality='80'>e:\SVN\xdmhUIAssets\FriendPanel\nv.png</node>
	<node quality='80'>e:\SVN\xdmhUIAssets\FriendPanel\nan.png</node>
	<node quality='80'>e:\SVN\xdmhUIAssets\FriendPanel\fenggexian1.png</node>
	<node quality='80'>e:\SVN\xdmhUIAssets\FriendPanel\liebiaodiban.png</node>
	<node quality='80'>e:\SVN\xdmhUIAssets\FriendPanel\daanniu4.png</node>
	<node quality='80'>e:\SVN\xdmhUIAssets\FriendPanel\daanniu3.png</node>
	<node quality='80'>e:\SVN\xdmhUIAssets\FriendPanel\daanniu2.png</node>
	<node quality='80'>e:\SVN\xdmhUIAssets\FriendPanel\daanniu1.png</node>
	<node quality='80'>e:\SVN\xdmhUIAssets\FriendPanel\daanniu4.png</node>
	<node quality='80'>e:\SVN\xdmhUIAssets\FriendPanel\daanniu3.png</node>
	<node quality='80'>e:\SVN\xdmhUIAssets\FriendPanel\daanniu2.png</node>
	<node quality='80'>e:\SVN\xdmhUIAssets\FriendPanel\daanniu1.png</node>
	<node quality='80'>e:\SVN\xdmhUIAssets\FriendPanel\fenshenicon.png</node>
	<node quality='80'>e:\SVN\xdmhUIAssets\FriendPanel\fenshenicon.png</node>
	<node quality='80'>e:\SVN\xdmhUIAssets\FriendPanel\fenshenicon.png</node>
	<node quality='80'>e:\SVN\xdmhUIAssets\FriendPanel\xin.png</node>
	<node quality='80'>e:\SVN\xdmhUIAssets\FriendPanel\nv.png</node>
	<node quality='80'>e:\SVN\xdmhUIAssets\FriendPanel\nan.png</node>
	<node quality='80'>e:\SVN\xdmhUIAssets\FriendPanel\fenggexian1.png</node>
	<node quality='80'>e:\SVN\xdmhUIAssets\FriendPanel\liebiaodiban.png</node>
	<node quality='80'>e:\SVN\xdmhUIAssets\FriendPanel\fenshenicon.png</node>
	<node quality='80'>e:\SVN\xdmhUIAssets\FriendPanel\fenshenicon.png</node>
	<node quality='80'>e:\SVN\xdmhUIAssets\FriendPanel\fenshenicon.png</node>
	<node quality='80'>e:\SVN\xdmhUIAssets\FriendPanel\gu4.png</node>
	<node quality='80'>e:\SVN\xdmhUIAssets\FriendPanel\gu3.png</node>
	<node quality='80'>e:\SVN\xdmhUIAssets\FriendPanel\gu2.png</node>
	<node quality='80'>e:\SVN\xdmhUIAssets\FriendPanel\gu1.png</node>
	<node quality='80'>e:\SVN\xdmhUIAssets\FriendPanel\huo3.png</node>
	<node quality='80'>e:\SVN\xdmhUIAssets\FriendPanel\huo2.png</node>
	<node quality='80'>e:\SVN\xdmhUIAssets\FriendPanel\huo1.png</node>
	<node quality='80'>e:\SVN\xdmhUIAssets\FriendPanel\zhong3.png</node>
	<node quality='80'>e:\SVN\xdmhUIAssets\FriendPanel\zhong2.png</node>
	<node quality='80'>e:\SVN\xdmhUIAssets\FriendPanel\zhong1.png</node>
	<node quality='80'>e:\SVN\xdmhUIAssets\FriendPanel\ci3.png</node>
	<node quality='80'>e:\SVN\xdmhUIAssets\FriendPanel\ci2.png</node>
	<node quality='80'>e:\SVN\xdmhUIAssets\FriendPanel\ci1.png</node>
	<node quality='80'>e:\SVN\xdmhUIAssets\FriendPanel\mo3.png</node>
	<node quality='80'>e:\SVN\xdmhUIAssets\FriendPanel\mo2.png</node>
	<node quality='80'>e:\SVN\xdmhUIAssets\FriendPanel\mo1.png</node>
	<node quality='80'>e:\SVN\xdmhUIAssets\FriendPanel\daanniu4.png</node>
	<node quality='80'>e:\SVN\xdmhUIAssets\FriendPanel\daanniu3.png</node>
	<node quality='80'>e:\SVN\xdmhUIAssets\FriendPanel\daanniu2.png</node>
	<node quality='80'>e:\SVN\xdmhUIAssets\FriendPanel\daanniu1.png</node>
	<node quality='80'>e:\SVN\xdmhUIAssets\FriendPanel\daanniu4.png</node>
	<node quality='80'>e:\SVN\xdmhUIAssets\FriendPanel\daanniu3.png</node>
	<node quality='80'>e:\SVN\xdmhUIAssets\FriendPanel\daanniu2.png</node>
	<node quality='80'>e:\SVN\xdmhUIAssets\FriendPanel\daanniu1.png</node>
	<node quality='80'>e:\SVN\xdmhUIAssets\FriendPanel\shurukuangdiban.png</node>
	<node quality='80'>e:\SVN\xdmhUIAssets\FriendPanel\daanniu4.png</node>
	<node quality='80'>e:\SVN\xdmhUIAssets\FriendPanel\daanniu3.png</node>
	<node quality='80'>e:\SVN\xdmhUIAssets\FriendPanel\daanniu2.png</node>
	<node quality='80'>e:\SVN\xdmhUIAssets\FriendPanel\daanniu1.png</node>
	<node quality='80'>e:\SVN\xdmhUIAssets\FriendPanel\bantoudiban.png</node>
	<node quality='80'>e:\SVN\xdmhUIAssets\FriendPanel\haoyou.png</node>
	<node quality='80'>e:\SVN\xdmhUIAssets\FriendPanel\gezi3.png</node>
	<node quality='80'>e:\SVN\xdmhUIAssets\FriendPanel\guanbi3.png</node>
	<node quality='80'>e:\SVN\xdmhUIAssets\FriendPanel\guanbi2.png</node>
	<node quality='80'>e:\SVN\xdmhUIAssets\FriendPanel\guanbi1.png</node>
</data>