<data name="GetNewPetPanel">
	<node quality='80'>E:\XD\xdmhUIAssets\GetNewPetPanel\huodexinchongwu.png</node>
	<node quality='80'>E:\XD\xdmhUIAssets\GetNewPetPanel\chongwutouxiang.png</node>
	<node quality='80'>E:\XD\xdmhUIAssets\GetNewPetPanel\touxiangwaikuang.png</node>
	<node quality='80'>E:\XD\xdmhUIAssets\GetNewPetPanel\diban1.png</node>
	<node quality='80'>E:\XD\xdmhUIAssets\GetNewPetPanel\diban2.png</node>
	<node quality='80'>E:\XD\xdmhUIAssets\GetNewPetPanel\diban3.png</node>
	<node quality='80'>E:\XD\xdmhUIAssets\GetNewPetPanel\daanniu4.png</node>
	<node quality='80'>E:\XD\xdmhUIAssets\GetNewPetPanel\daanniu3.png</node>
	<node quality='80'>E:\XD\xdmhUIAssets\GetNewPetPanel\daanniu2.png</node>
	<node quality='80'>E:\XD\xdmhUIAssets\GetNewPetPanel\daanniu1.png</node>
	<node quality='80'>E:\XD\xdmhUIAssets\GetNewPetPanel\guanbi3.png</node>
	<node quality='80'>E:\XD\xdmhUIAssets\GetNewPetPanel\guanbi2.png</node>
	<node quality='80'>E:\XD\xdmhUIAssets\GetNewPetPanel\guanbi1.png</node>
</data>